{
    "total_runtime": 1170.4371256828308,
    "num_documents": 1,
    "input_load_time": 0,
    "workflows": {
        "create_base_text_units": {
            "overall": 3.6862118244171143,
            "0_orderby": 0.0036690235137939453,
            "1_zip": 0.004061698913574219,
            "2_aggregate_override": 0.00693202018737793,
            "3_chunk": 3.605902671813965,
            "4_select": 0.005447864532470703,
            "5_unroll": 0.006470680236816406,
            "6_rename": 0.005259513854980469,
            "7_genid": 0.013794422149658203,
            "8_unzip": 0.006505727767944336,
            "9_copy": 0.005687713623046875,
            "10_filter": 0.020038604736328125
        },
        "create_base_extracted_entities": {
            "overall": 662.0946435928345,
            "0_entity_extract": 661.9060289859772,
            "1_merge_graphs": 0.18165278434753418
        },
        "create_summarized_entities": {
            "overall": 85.01590847969055,
            "0_summarize_descriptions": 85.00884962081909
        },
        "create_base_entity_graph": {
            "overall": 0.551382303237915,
            "0_cluster_graph": 0.5349240303039551,
            "1_select": 0.008811473846435547
        },
        "create_final_entities": {
            "overall": 4.275606632232666,
            "0_unpack_graph": 0.192734956741333,
            "1_rename": 0.009969234466552734,
            "2_select": 0.009878158569335938,
            "3_dedupe": 0.01095438003540039,
            "4_rename": 0.01494145393371582,
            "5_filter": 0.04534435272216797,
            "6_text_split": 0.027249574661254883,
            "7_drop": 0.011891841888427734,
            "8_merge": 0.2681758403778076,
            "9_text_embed": 3.621055841445923,
            "10_drop": 0.012833356857299805,
            "11_filter": 0.04161691665649414
        },
        "create_final_nodes": {
            "overall": 2.1052725315093994,
            "0_layout_graph": 1.0752241611480713,
            "1_unpack_graph": 0.2111964225769043,
            "2_unpack_graph": 0.5950987339019775,
            "3_drop": 0.014491558074951172,
            "4_filter": 0.0726463794708252,
            "5_select": 0.015084028244018555,
            "6_rename": 0.015182256698608398,
            "7_join": 0.025920867919921875,
            "8_convert": 0.05084395408630371,
            "9_rename": 0.016177654266357422
        },
        "create_final_communities": {
            "overall": 1.704228162765503,
            "0_unpack_graph": 0.21465659141540527,
            "1_unpack_graph": 0.20056390762329102,
            "2_aggregate_override": 0.020508766174316406,
            "3_join": 0.03436017036437988,
            "4_join": 0.034665584564208984,
            "5_concat": 0.019565105438232422,
            "6_filter": 0.5668339729309082,
            "7_aggregate_override": 0.4078555107116699,
            "8_join": 0.025812387466430664,
            "9_filter": 0.04419302940368652,
            "10_fill": 0.019715547561645508,
            "11_merge": 0.05829024314880371,
            "12_copy": 0.019737720489501953,
            "13_select": 0.02018427848815918
        },
        "join_text_units_to_entity_ids": {
            "overall": 0.09683394432067871,
            "0_select": 0.020964622497558594,
            "1_unroll": 0.023345232009887695,
            "2_aggregate_override": 0.03171110153198242
        },
        "create_final_relationships": {
            "overall": 0.6266279220581055,
            "0_unpack_graph": 0.21321439743041992,
            "1_filter": 0.08968663215637207,
            "2_rename": 0.022736787796020508,
            "3_filter": 0.14713692665100098,
            "4_drop": 0.026334047317504883,
            "5_compute_edge_combined_degree": 0.02953791618347168,
            "6_convert": 0.04839205741882324,
            "7_convert": 0.027915000915527344
        },
        "join_text_units_to_relationship_ids": {
            "overall": 0.13597416877746582,
            "0_select": 0.024993181228637695,
            "1_unroll": 0.028133153915405273,
            "2_aggregate_override": 0.033040523529052734,
            "3_select": 0.02532649040222168
        },
        "create_final_community_reports": {
            "overall": 403.2989330291748,
            "0_prepare_community_reports_nodes": 0.061705827713012695,
            "1_prepare_community_reports_edges": 0.0430600643157959,
            "2_restore_community_hierarchy": 0.04640460014343262,
            "3_prepare_community_reports": 1.016333818435669,
            "4_create_community_reports": 402.07555866241455,
            "5_window": 0.02975630760192871
        },
        "create_final_text_units": {
            "overall": 0.22072744369506836,
            "0_select": 0.02950739860534668,
            "1_rename": 0.02879929542541504,
            "2_join": 0.03530383110046387,
            "3_join": 0.036124467849731445,
            "4_aggregate_override": 0.032195329666137695,
            "5_select": 0.02974104881286621
        },
        "create_base_documents": {
            "overall": 0.32991814613342285,
            "0_unroll": 0.032080650329589844,
            "1_select": 0.031125545501708984,
            "2_rename": 0.03029775619506836,
            "3_join": 0.03630948066711426,
            "4_aggregate_override": 0.03432345390319824,
            "5_join": 0.036637067794799805,
            "6_rename": 0.031302690505981445,
            "7_convert": 0.06769943237304688
        },
        "create_final_documents": {
            "overall": 0.06590485572814941,
            "0_rename": 0.03319525718688965
        }
    }
}